stationName,route1,route2,route3,route4,route5,route6,route7,route8,route9,route10,route11,latitude,longitude
Ditmars Blvd,N,Q,,,,,,,,,,40.775149,-73.912074
Astoria Blvd-Hoyt Av,N,Q,,,,,,,,,,40.770313,-73.917978
30 Av-Grand Av,N,Q,,,,,,,,,,40.766787,-73.921629
Broadway,N,Q,,,,,,,,,,40.76188,-73.925638
36 Av-Washington Av,N,Q,,,,,,,,,,40.756478,-73.929993
39 Av-Beebe Av,N,Q,,,,,,,,,,40.752901,-73.932903
5th Av,N,Q,R,,,,,,,,,40.765156,-73.972501
57th St,N,Q,R,,,,,,,,,40.765365,-73.980341
49th St,N,Q,R,,,,,,,,,40.760486,-73.983974
28th St,N,R,,,,,,,,,,40.745089,-73.988472
23rd St,N,R,,,,,,,,,,40.74108,-73.989083
Union Square,L,N,Q,R,4,5,6,,,,,40.735278,-73.991058
8th St,N,R,,,,,,,,,,40.730477,-73.992286
Prince St,N,R,,,,,,,,,,40.724124,-73.997686
City Hall,R,,,,,,,,,,,40.71311,-74.007045
Cortlandt St,R,,,,,,,,,,,40.710871,-74.010767
Rector St,R,,,,,,,,,,,40.707647,-74.012924
Whitehall St,R,1,,,,,,,,,,40.701938,-74.012588
Lawrence St,A,C,F,R,,,,,,,,40.692114,-73.986107
DeKalb Av,B,Q,R,,,,,,,,,40.689804,-73.981164
Atlantic Av-Barclays Ctr,B,Q,D,N,R,2,3,4,5,,,40.683805,-73.978487
Pacific St,B,Q,D,N,R,2,3,4,5,,,40.683905,-73.978879
Union St,R,,,,,,,,,,,40.677001,-73.983133
9th St,F,G,R,,,,,,,,,40.670387,-73.98848
Prospect Av,R,,,,,,,,,,,40.665299,-73.992729
25th St,R,,,,,,,,,,,40.660323,-73.997952
36th St,N,R,,,,,,,,,,40.65449,-74.004499
45th St,R,,,,,,,,,,,40.649389,-74.009333
53rd St,R,,,,,,,,,,,40.644653,-74.01469
59th St,N,R,,,,,,,,,,40.641606,-74.017897
Bay Ridge Av,R,,,,,,,,,,,40.634827,-74.02358
77th St,R,,,,,,,,,,,40.62955,-74.025731
86th St,R,,,,,,,,,,,40.622656,-74.028547
95th St,R,,,,,,,,,,,40.616021,-74.031383
7th Av,B,Q,,,,,,,,,,40.677365,-73.972788
Prospect Park,B,Q,FS,,,,,,,,,40.660792,-73.962109
Parkside Av,B,Q,,,,,,,,,,40.655221,-73.961516
Church Av,B,Q,,,,,,,,,,40.649427,-73.963356
Beverly Rd,B,Q,,,,,,,,,,40.644272,-73.964528
Cortelyou Rd,B,Q,,,,,,,,,,40.641314,-73.963996
Newkirk Av,B,Q,,,,,,,,,,40.635034,-73.962736
Av H,B,Q,,,,,,,,,,40.62993,-73.961477
Av J,B,Q,,,,,,,,,,40.62513,-73.960792
Av M,B,Q,,,,,,,,,,40.617928,-73.959454
Kings Highway,B,Q,,,,,,,,,,40.608835,-73.957769
Av U,B,Q,,,,,,,,,,40.598991,-73.955828
Neck Rd,B,Q,,,,,,,,,,40.59502,-73.95512
Sheepshead Bay,B,Q,,,,,,,,,,40.587302,-73.954224
Brighton Beach,B,Q,,,,,,,,,,40.577986,-73.960258
Ocean Parkway,Q,,,,,,,,,,,40.576423,-73.967894
West 8th St,F,Q,,,,,,,,,,40.575499,-73.976873
Stillwell Av,D,F,N,Q,,,,,,,,40.5769,-73.980846
9th Av,D,,,,,,,,,,,40.646337,-73.994489
Fort Hamilton Parkway,D,,,,,,,,,,,40.640185,-73.994423
50th St,D,,,,,,,,,,,40.636133,-73.994915
55th St,D,,,,,,,,,,,40.631389,-73.995262
71st St,D,,,,,,,,,,,40.618834,-73.999195
79th St,D,,,,,,,,,,,40.612855,-74.000892
18th Av,D,,,,,,,,,,,40.607602,-74.001491
20th Av,D,,,,,,,,,,,40.604439,-73.998164
Bay Parkway,D,,,,,,,,,,,40.601726,-73.993696
25th Av,D,,,,,,,,,,,40.597889,-73.986958
Bay 50th St,D,,,,,,,,,,,40.588022,-73.983735
8th Av,N,,,,,,,,,,,40.634552,-74.010726
Fort Hamilton Parkway,N,,,,,,,,,,,40.632179,-74.006658
New Utrecht Av,D,N,,,,,,,,,,40.625606,-73.99683
18th Av,N,,,,,,,,,,,40.620062,-73.98941
20th Av,N,,,,,,,,,,,40.617341,-73.98484
Bay Parkway-22nd Av,N,,,,,,,,,,,40.612989,-73.982084
Kings Highway,N,,,,,,,,,,,40.605107,-73.980578
Av U,N,,,,,,,,,,,40.596459,-73.978943
86th St,N,,,,,,,,,,,40.592724,-73.978227
121st St,J,Z,,,,,,,,,,40.700254,-73.829332
111th St,J,,,,,,,,,,,40.696771,-73.837042
104th St-102nd St,J,Z,,,,,,,,,,40.695033,-73.843298
Woodhaven Blvd,J,Z,,,,,,,,,,40.693451,-73.852556
Forest Parkway-85th St,J,,,,,,,,,,,40.692381,-73.858975
Elderts Lane-75th St,J,Z,,,,,,,,,,40.691285,-73.866425
Cypress Hills,J,,,,,,,,,,,40.690142,-73.87163
Crescent St,J,Z,,,,,,,,,,40.683478,-73.872548
Norwood Av,J,Z,,,,,,,,,,40.681757,-73.879007
Cleveland St,J,,,,,,,,,,,40.679656,-73.885731
Van Siclen Av,J,Z,,,,,,,,,,40.677847,-73.891711
Alabama Av,J,,,,,,,,,,,40.676755,-73.899834
Chauncey St,J,Z,,,,,,,,,,40.683313,-73.911334
Halsey St,J,,,,,,,,,,,40.685847,-73.915807
Gates Av,J,Z,,,,,,,,,,40.69003,-73.923161
Kosciusko St,J,,,,,,,,,,,40.69293,-73.928257
Myrtle Av,J,M,Z,,,,,,,,,40.696893,-73.935461
Flushing Av,J,M,,,,,,,,,,40.700629,-73.941995
Lorimer St,J,M,,,,,,,,,,40.704279,-73.948324
Hewes St,J,M,,,,,,,,,,40.707117,-73.95437
Marcy Av,J,M,Z,,,,,,,,,40.708565,-73.957893
Essex St,F,J,M,Z,,,,,,,,40.71841,-73.987181
Bowery,J,Z,,,,,,,,,,40.719977,-73.993576
Metropolitan Av,M,,,,,,,,,,,40.712082,-73.88954
Fresh Pond Rd,M,,,,,,,,,,,40.705955,-73.896232
Forest Av,M,,,,,,,,,,,40.704729,-73.902243
Seneca Av,M,,,,,,,,,,,40.70278,-73.907515
Knickerbocker Av,M,,,,,,,,,,,40.698717,-73.918655
Central Av,M,,,,,,,,,,,40.698033,-73.926371
8th Av,A,C,E,L,,,,,,,,40.73955,-74.002389
3rd Av,L,,,,,,,,,,,40.732961,-73.986657
1st Av,L,,,,,,,,,,,40.731397,-73.982112
Bedford Av,L,,,,,,,,,,,40.717714,-73.957695
Graham Av,L,,,,,,,,,,,40.714661,-73.944287
Grand St,L,,,,,,,,,,,40.711912,-73.940433
Montrose Av,L,,,,,,,,,,,40.707723,-73.940044
Morgan Av,L,,,,,,,,,,,40.706317,-73.931696
Jefferson St,L,,,,,,,,,,,40.705943,-73.922036
DeKalb Av,L,,,,,,,,,,,40.704153,-73.919273
Halsey St,L,,,,,,,,,,,40.696094,-73.90443
Wilson Av,L,,,,,,,,,,,40.688805,-73.904741
Bushwick Av,L,,,,,,,,,,,40.6823,-73.905149
Atlantic Av,L,,,,,,,,,,,40.67538,-73.902612
Sutter Av,L,,,,,,,,,,,40.668527,-73.901765
Livonia Av,L,,,,,,,,,,,40.663742,-73.900522
New Lots Av,L,,,,,,,,,,,40.659041,-73.899409
East 105th St,L,,,,,,,,,,,40.651462,-73.899191
Canarsie - Rockaway Parkway,L,,,,,,,,,,,40.64556,-73.902524
Franklin Av,A,FS,,,,,,,,,,40.681051,-73.95584
Park Place,FS,,,,,,,,,,,40.674516,-73.957932
Botanic Gardens,FS,2,3,4,5,,,,,,,40.670588,-73.959093
Inwood - 207th St,A,,,,,,,,,,,40.867892,-73.921234
Dyckman St-200th St,A,,,,,,,,,,,40.865758,-73.927266
190th St,A,,,,,,,,,,,40.858899,-73.932702
181st St,A,,,,,,,,,,,40.852759,-73.936636
175th St,A,,,,,,,,,,,40.847946,-73.939375
168th St - Washington Heights,A,C,,,,,,,,,,40.840741,-73.939252
163rd St - Amsterdam Av,C,,,,,,,,,,,40.835192,-73.940146
155th St,C,,,,,,,,,,,40.830744,-73.941597
145th St,A,B,C,D,,,,,,,,40.823791,-73.944726
135th St,B,C,,,,,,,,,,40.817125,-73.948225
125th St,A,B,C,D,,,,,,,,40.810879,-73.952318
116th St,B,C,,,,,,,,,,40.804312,-73.955643
Cathedral Parkway-110th St,B,C,,,,,,,,,,40.800002,-73.958882
103rd St,B,C,,,,,,,,,,40.796263,-73.96161
96th St,B,C,,,,,,,,,,40.791642,-73.965009
86th St,B,C,,,,,,,,,,40.785195,-73.969596
81st St - Museum of Natural History,B,C,,,,,,,,,,40.781976,-73.972027
72nd St,B,C,,,,,,,,,,40.776217,-73.976247
59th St,A,B,C,D,1,,,,,,,40.766944,-73.982941
50th St,C,E,,,,,,,,,,40.761968,-73.986662
42nd St,A,C,E,N,Q,R,S,1,2,3,7,40.757286,-73.989582
34th St,A,C,E,,,,,,,,,40.751996,73.993327
23rd St,C,E,,,,,,,,,,40.745102,-73.998365
14th St,A,C,E,L,,,,,,,,40.740938,-74.001919
West 4th St,A,B,C,D,E,F,M,,,,,40.731086,-74.001209
Spring St,C,E,,,,,,,,,,40.725583,-74.003747
Canal St,A,C,E,,,,,,,,,40.720704,-74.004999
Chambers St,A,C,E,2,3,,,,,,,40.713753,-74.009046
World Trade Center,A,C,E,2,3,,,,,,,40.713333,-74.009033
Broadway-Nassau,A,C,J,Z,2,3,4,5,,,,40.710692,-74.008428
High St,A,C,J,Z,2,3,4,5,,,,40.699405,-73.991413
Jay St - Borough Hall,A,C,F,R,,,,,,,,40.692335,-73.987446
Hoyt & Schermerhorn,A,C,G,,,,,,,,,40.689085,-73.985941
Lafayette Av,C,,,,,,,,,,,40.685789,-73.97276
Clinton & Washington Avs,C,,,,,,,,,,,40.683653,-73.966797
Nostrand Av,A,C,,,,,,,,,,40.680547,-73.949515
Kingston-Throop,A,C,,,,,,,,,,40.68001,-73.940247
Utica Av,A,C,,,,,,,,,,40.679095,-73.930044
Ralph Av,A,C,,,,,,,,,,40.678702,-73.921552
Rockaway Av,A,C,,,,,,,,,,40.678594,-73.913732
Broadway Junction-East New York,A,C,J,L,,,,,,,,40.678334,-73.903922
Liberty Av,A,C,,,,,,,,,,40.674242,-73.896645
Van Siclen Av,A,C,,,,,,,,,,40.672479,-73.890164
Shepherd Av,A,C,,,,,,,,,,40.67397,-73.880667
Euclid Av,A,C,,,,,,,,,,40.675554,-73.871875
Grant Av,A,,,,,,,,,,,40.676735,-73.865491
80th St-Hudson St,A,,,,,,,,,,,40.679371,-73.858024
88th St-Boyd Av,A,,,,,,,,,,,40.679828,-73.850401
Rockaway Blvd,A,,,,,,,,,,,40.680158,-73.845131
104th St-Oxford Av,A,,,,,,,,,,,40.681994,-73.836742
111th St-Greenwood Av,A,,,,,,,,,,,40.684732,-73.830898
Lefferts Blvd,A,,,,,,,,,,,40.686103,-73.824314
Aqueduct-North Conduit Av,A,,,,,,,,,,,40.667018,-73.83348
Howard Beach,A,,,,,,,,,,,40.660465,-73.830518
Broad Channel,A,H,,,,,,,,,,40.608007,-73.815967
Beach 90th St,H,,,,,,,,,,,40.58808,-73.813907
Beach 98th St,H,,,,,,,,,,,40.58554,-73.820345
Beach 105th St,H,,,,,,,,,,,40.583187,-73.827388
Rockaway Park-Beach 116th,H,,,,,,,,,,,40.58051,-73.837418
Beach 67th St,A,,,,,,,,,,,40.590744,-73.797789
Beach 60th St,A,,,,,,,,,,,40.592269,-73.789578
Beach 44th St,A,,,,,,,,,,,40.593106,-73.775743
Beach 36th St,A,,,,,,,,,,,40.595617,-73.768032
Beach 25th St,A,,,,,,,,,,,40.599708,-73.761959
Far Rockaway-Mott Av,A,,,,,,,,,,,40.604657,-73.754178
Norwood-205th St,D,,,,,,,,,,,40.874902,-73.879267
Bedford Park Blvd,B,D,,,,,,,,,,40.872135,-73.887459
Kingsbridge Rd,B,D,,,,,,,,,,40.868114,-73.893195
Fordham Rd,B,D,,,,,,,,,,40.861401,-73.898098
182nd-183rd Sts,B,D,,,,,,,,,,40.856038,-73.90114
Tremont Av,B,D,,,,,,,,,,40.849864,-73.906084
174-175th Sts,B,D,,,,,,,,,,40.844933,-73.911212
170th St,B,D,,,,,,,,,,40.839751,-73.912743
167th St,B,D,,,,,,,,,,40.834466,-73.918155
Yankee Stadium-161st St,B,D,4,,,,,,,,,40.82784,-73.925715
155th St,B,D,,,,,,,,,,40.830313,-73.936687
21st St,F,,,,,,,,,,,40.754322,-73.942374
Roosevelt Island,F,,,,,,,,,,,40.759016,-73.953505
Lexington Av,F,,,,,,,,,,,40.764884,-73.966514
57th St,F,,,,,,,,,,,40.763874,-73.977358
47-50th Sts Rockefeller Center,B,D,F,M,,,,,,,,40.759434,-73.981001
47-50th Sts Rockefeller Center,B,D,F,M,7,,,,,,,40.758996,-73.980788
42nd St,B,D,F,M,7,,,,,,,40.754849,-73.984627
34th St,B,D,F,M,N,Q,R,,,,,40.749615,-73.988159
23rd St,F,M,,,,,,,,,,40.742659,-73.992489
14th St,F,L,M,1,2,3,,,,,,40.737423,-73.99722
Broadway-Lafayette St,B,D,F,M,6,,,,,,,40.725202,-73.996583
Grand St,B,D,,,,,,,,,,40.718155,-73.993452
2nd Av,F,,,,,,,,,,,40.722807,-73.988942
Delancey St,F,J,M,Z,,,,,,,,40.718781,-73.988233
East Broadway,F,,,,,,,,,,,40.712727,-73.990126
York St,F,,,,,,,,,,,40.70138,-73.986655
Bergen St,F,G,,,,,,,,,,40.686584,-73.990362
Carroll St,F,G,,,,,,,,,,40.679299,-73.995698
Smith-9th St,F,G,R,,,,,,,,,40.674725,-73.997505
4th Av,F,,,,,,,,,,,40.669953,-73.989442
7th Av,F,,,,,,,,,,,40.665835,-73.979007
Prospect Park-15 St,F,,,,,,,,,,,40.659436,-73.979951
Fort Hamilton Parkway,F,,,,,,,,,,,40.651834,-73.976076
Church Av,F,,,,,,,,,,,40.642571,-73.979579
Ditmas Av,F,,,,,,,,,,,40.635434,-73.978289
18th Av,F,,,,,,,,,,,40.630531,-73.977251
Av I,F,,,,,,,,,,,40.626133,-73.976407
Bay Parkway-22nd Av,F,,,,,,,,,,,40.620797,-73.975479
Av N,F,,,,,,,,,,,40.614279,-73.97418
Av P,F,,,,,,,,,,,40.608615,-73.973097
Kings Highway,F,,,,,,,,,,,40.604007,-73.972393
Av U,F,,,,,,,,,,,40.596701,-73.973402
Av X,F,,,,,,,,,,,40.590521,-73.974242
Neptune Av-Van Siclen,F,,,,,,,,,,,40.580576,-73.974443
Jamaica-179th St,F,,,,,,,,,,,40.712581,-73.783377
169th St,F,,,,,,,,,,,40.710563,-73.792853
Parsons Blvd,F,,,,,,,,,,,40.707473,-73.802797
Sutphin Blvd,F,,,,,,,,,,,40.705591,-73.809481
Briarwood-Van Wyck Blvd,F,,,,,,,,,,,40.708068,-73.820111
Kew Gardens-Union Turnpike,E,F,,,,,,,,,,40.714001,-73.831166
75th Av,E,F,,,,,,,,,,40.717895,-73.836743
Forest Hills-71st Av,E,F,M,R,,,,,,,,40.7211,-73.844039
67th Av,M,R,,,,,,,,,,40.726598,-73.853534
63rd Drive-Rego Park,M,R,,,,,,,,,,40.729953,-73.862699
Woodhaven Blvd,M,R,,,,,,,,,,40.733041,-73.870334
Grand Av-Newtown,M,R,,,,,,,,,,40.735888,-73.876886
Elmhurst Av,M,R,,,,,,,,,,40.741729,-73.881135
Jackson Heights-Roosevelt Ave,E,F,M,R,7,,,,,,,40.746784,-73.890958
65th St,M,R,,,,,,,,,,40.749145,-73.897495
Northern Blvd,M,R,,,,,,,,,,40.753086,-73.907119
46th St,M,R,,,,,,,,,,40.756868,-73.914303
Steinway St,M,R,,,,,,,,,,40.758143,-73.919842
36th St,M,R,,,,,,,,,,40.752232,-73.928775
Queens Plaza,E,M,R,,,,,,,,,40.748705,-73.938471
23rd St-Ely Av,E,G,M,7,,,,,,,,40.747371,-73.944287
Lexington Av-53rd St,E,M,6,,,,,,,,,40.758329,-73.970567
5th Av-53rd St,E,M,,,,,,,,,,40.760422,-73.976146
7th Av,B,D,E,,,,,,,,,40.762937,-73.981578
Parsons Blvd-Archer Av - Jamaica Center,E,J,Z,,,,,,,,,40.702353,-73.799784
Sutphin Blvd-Archer Av - JFK,E,J,Z,,,,,,,,,40.700401,-73.807976
Jamaica-Van Wyck,E,,,,,,,,,,,40.701263,-73.816372
Long Island City-Court Square,G,,,,,,,,,,,40.746214,-73.945115
21st St,G,,,,,,,,,,,40.744625,-73.949117
Greenpoint Av,G,,,,,,,,,,,40.73007,-73.954377
Nassau Av,G,,,,,,,,,,,40.72365,-73.950929
Metropolitan Av,G,L,,,,,,,,,,40.71414,-73.95135
Broadway,G,,,,,,,,,,,40.705114,-73.950062
Flushing Av,G,,,,,,,,,,,40.699582,-73.950164
Myrtle-Willoughby Avs,G,,,,,,,,,,,40.695436,-73.94948
Bedford-Nostrand Avs,G,,,,,,,,,,,40.689995,-73.951616
Classon Av,G,,,,,,,,,,,40.688942,-73.960215
Clinton-Washington Avs,G,,,,,,,,,,,40.688114,-73.967575
Fulton St,G,,,,,,,,,,,40.687159,-73.97629
Van Cortlandt Park-242nd St,1,,,,,,,,,,,40.889783,-73.898432
238th St,1,,,,,,,,,,,40.884813,-73.900923
231st St,1,,,,,,,,,,,40.878775,-73.905024
Marble Hill-225th St,1,,,,,,,,,,,40.874437,-73.910529
215th St,1,,,,,,,,,,,40.869412,-73.915455
207th St,1,,,,,,,,,,,40.864745,-73.918864
Dyckman St,1,,,,,,,,,,,40.861183,-73.92511
191st St,1,,,,,,,,,,,40.855374,-73.929536
181st St,1,,,,,,,,,,,40.849435,-73.933428
157th St,1,,,,,,,,,,,40.834268,-73.945183
145th St,1,,,,,,,,,,,40.826657,-73.95052
137th St-City College,1,,,,,,,,,,,40.821584,-73.954223
125th St,1,,,,,,,,,,,40.815143,-73.958439
116th St-Columbia University,1,,,,,,,,,,,40.808251,-73.963955
Cathedral Parkway-110th St,1,,,,,,,,,,,40.80439,-73.966786
103rd St,1,,,,,,,,,,,40.799282,-73.968679
86th St,1,,,,,,,,,,,40.788349,-73.976935
79th St,1,,,,,,,,,,,40.784066,-73.980051
72nd St,1,2,3,,,,,,,,,40.779146,-73.981822
66th St-Lincoln Center,1,,,,,,,,,,,40.773738,-73.982448
50th St,1,,,,,,,,,,,40.761111,-73.983436
Times Square,A,C,E,N,Q,R,S,1,2,3,7,40.756241,-73.987133
34th St,1,2,3,,,,,,,,,40.751046,-73.991271
23rd St,1,,,,,,,,,,,40.74391,-73.995608
18th St,1,,,,,,,,,,,40.74092,-73.997698
Christopher St,1,,,,,,,,,,,40.733402,-74.002748
Houston St,1,,,,,,,,,,,40.728472,-74.005188
Canal St,1,,,,,,,,,,,40.722569,-74.00608
Franklin St,1,,,,,,,,,,,40.719001,-74.006675
Chambers St,1,2,3,,,,,,,,,40.715444,-74.009453
Rector St,1,,,,,,,,,,,40.708107,-74.013445
Park Place,A,C,E,1,2,3,,,,,,40.712712,-74.007766
Fulton St,A,C,J,Z,2,3,4,5,,,,40.709475,-74.006409
Wall St,2,3,,,,,,,,,,40.706506,-74.009544
Clark St,2,3,,,,,,,,,,40.69759,-73.993275
Borough Hall,R,2,3,4,5,,,,,,,40.693594,-73.990304
Hoyt St,2,3,,,,,,,,,,40.690388,-73.985299
Nevins St,2,3,4,5,,,,,,,,40.688235,-73.980639
Atlantic Av-Barclays Ctr,B,D,N,Q,R,2,3,4,5,,,40.684976,-73.97788
Bergen St,2,3,,,,,,,,,,40.680695,-73.974748
Grand Army Plaza,2,3,,,,,,,,,,40.67495,-73.97099
Eastern Parkway-Brooklyn Museum,2,3,,,,,,,,,,40.672122,-73.964154
Franklin Av,FS,2,3,4,5,,,,,,,40.670485,-73.957806
Nostrand Av,3,,,,,,,,,,,40.669711,-73.950247
Kingston Av,3,,,,,,,,,,,40.669261,-73.941948
Utica Av,3,4,,,,,,,,,,40.668935,-73.931831
Sutter Av,3,,,,,,,,,,,40.664891,-73.922675
Saratoga Av,3,,,,,,,,,,,40.661558,-73.915225
Rockaway Av,3,,,,,,,,,,,40.662401,-73.908809
Junius St,3,,,,,,,,,,,40.663426,-73.902636
Pennsylvania Av,3,,,,,,,,,,,40.664869,-73.893779
Van Siclen Av,3,,,,,,,,,,,40.665431,-73.888386
New Lots Av,3,,,,,,,,,,,40.666285,-73.883276
President St,2,5,,,,,,,,,,40.668166,-73.950862
Sterling St,2,5,,,,,,,,,,40.66329,-73.951044
Winthrop St,2,5,,,,,,,,,,40.657184,-73.949976
Church Av,2,5,,,,,,,,,,40.650748,-73.949384
Beverly Rd,2,5,,,,,,,,,,40.645046,-73.948684
Newkirk Av,2,5,,,,,,,,,,40.639924,-73.948161
Flatbush Av-Brooklyn College,2,5,,,,,,,,,,40.632463,-73.947518
Pelham Bay Park,6,,,,,,,,,,,40.852377,-73.825986
Buhre Av,6,,,,,,,,,,,40.846891,-73.832639
Middletown Rd,6,,,,,,,,,,,40.843935,-73.836386
Westchester Square-East Tremont Av,6,,,,,,,,,,,40.840128,-73.842875
Zerega Av,6,,,,,,,,,,,40.836954,-73.846653
Castle Hill Av,6,,,,,,,,,,,40.834093,-73.851857
Parkchester-East 177th St,6,,,,,,,,,,,40.833225,-73.860888
St Lawrence Av,6,,,,,,,,,,,40.831765,-73.867078
Morrison Av-Soundview Av,6,,,,,,,,,,,40.829517,-73.87486
Elder Av,6,,,,,,,,,,,40.828688,-73.879018
Whitlock Av,6,,,,,,,,,,,40.827298,-73.886256
Hunts Point Av,6,,,,,,,,,,,40.820591,-73.890836
Longwood Av,6,,,,,,,,,,,40.816263,-73.896506
East 149th St,6,,,,,,,,,,,40.812331,-73.904102
East 143rd St-St Mary's St,6,,,,,,,,,,,40.808179,-73.908065
Cypress Av,6,,,,,,,,,,,40.805234,-73.913391
Brook Av,6,,,,,,,,,,,40.807747,-73.919347
138th St-3rd Ave,6,,,,,,,,,,,40.810282,-73.925386
Woodlawn,4,,,,,,,,,,,40.886819,-73.878376
Mosholu Parkway,4,,,,,,,,,,,40.880077,-73.88447
Bedford Park Blvd-Lehman College,4,,,,,,,,,,,40.873528,-73.889754
Kingsbridge Rd,4,,,,,,,,,,,40.867606,-73.897418
Fordham Rd,4,,,,,,,,,,,40.862562,-73.901367
183rd St,4,,,,,,,,,,,40.858267,-73.904099
Burnside Av,4,,,,,,,,,,,40.853313,-73.907977
176th St,4,,,,,,,,,,,40.848385,-73.912003
Mt Eden Av,4,,,,,,,,,,,40.844702,-73.91465
170th St,4,,,,,,,,,,,40.83996,-73.918018
167th St,4,,,,,,,,,,,40.8356,-73.921131
149th St-Grand Concourse,2,4,5,,,,,,,,,40.818281,-73.927251
138th St,4,5,,,,,,,,,,40.813328,-73.930004
125th St,4,5,6,,,,,,,,,40.804407,-73.937234
116th St,6,,,,,,,,,,,40.798466,-73.941882
110th St,6,,,,,,,,,,,40.794804,-73.944613
103rd St,6,,,,,,,,,,,40.790279,-73.947856
96th St,6,,,,,,,,,,,40.785843,-73.951232
86th St,4,5,6,,,,,,,,,40.779468,-73.955905
77th St,6,,,,,,,,,,,40.773669,-73.960135
68th St-Hunter College,6,,,,,,,,,,,40.76787,-73.964244
59th St,N,Q,R,4,5,6,,,,,,40.762836,-73.96804
51st St,E,M,6,,,,,,,,,40.757123,-73.972117
33rd St,6,,,,,,,,,,,40.746263,-73.981663
28th St,6,,,,,,,,,,,40.743128,-73.983806
23rd St,6,,,,,,,,,,,40.740008,-73.986233
14th St-Union Square,L,N,Q,R,4,5,6,,,,,40.734406,-73.989437
Astor Place,6,,,,,,,,,,,40.730084,-73.990838
Bleecker St,B,D,F,M,6,,,,,,,40.725726,-73.994579
Spring St,6,,,,,,,,,,,40.722116,-73.996912
Canal St,J,N,Q,R,Z,6,,,,,,40.718155,-74.000317
Brooklyn Bridge-City Hall,J,Z,4,5,6,,,,,,,40.712868,-74.004806
Wall St,4,5,,,,,,,,,,40.70719,-74.011997
Bowling Green,4,5,,,,,,,,,,40.704659,-74.01392
Wakefield-241st St,2,5,,,,,,,,,,40.903597,-73.85036
238th St-Nereid Av,2,5,,,,,,,,,,40.89862,-73.854316
233rd St,2,5,,,,,,,,,,40.893215,-73.857344
225th St,2,5,,,,,,,,,,40.887709,-73.860666
219th St,2,5,,,,,,,,,,40.883723,-73.86287
Gun Hill Rd,2,5,,,,,,,,,,40.877779,-73.866185
Burke Av,2,5,,,,,,,,,,40.871631,-73.867283
Allerton Av,2,5,,,,,,,,,,40.865605,-73.867476
Pelham Parkway,2,5,,,,,,,,,,40.856338,-73.867544
Bronx Park East,2,5,,,,,,,,,,40.848762,-73.868382
East 180th St,2,5,,,,,,,,,,40.841223,-73.873499
East Tremont Av-West Farms Sq,2,5,,,,,,,,,,40.840815,-73.879623
174th St,2,5,,,,,,,,,,40.837325,-73.888048
Freeman St,2,5,,,,,,,,,,40.829903,-73.89202
Simpson St,2,5,,,,,,,,,,40.824356,-73.892897
Intervale Av,2,5,,,,,,,,,,40.8224,-73.896508
Prospect Av,2,5,,,,,,,,,,40.819583,-73.901958
Jackson Av,2,5,,,,,,,,,,40.816201,-73.907942
149th St-3rd Av,2,5,,,,,,,,,,40.816247,-73.917798
Harlem-148th St,3,,,,,,,,,,,40.824069,-73.936981
145th St,3,,,,,,,,,,,40.820343,-73.936508
135th St,2,3,,,,,,,,,,40.814024,-73.941117
125th St,2,3,,,,,,,,,,40.807681,-73.945752
116th St,2,3,,,,,,,,,,40.801945,-73.949943
110th St-Central Park North,2,3,,,,,,,,,,40.798497,-73.952672
Flushing-Main St,7,,,,,,,,,,,40.759542,-73.829885
Mets - Willets Point,7,,,,,,,,,,,40.754777,-73.845737
111th St,7,,,,,,,,,,,40.75161,-73.856065
103rd St,7,,,,,,,,,,,40.749787,-73.862389
Junction Blvd,7,,,,,,,,,,,40.749263,-73.869376
90th St Elmhurst,7,,,,,,,,,,,40.748318,-73.876432
82nd St-Jackson Heights,7,,,,,,,,,,,40.747812,-73.883876
Fisk Av-69th St,7,,,,,,,,,,,40.746509,-73.896268
Woodside Av-61st St,7,,,,,,,,,,,40.745531,-73.903248
Lincoln Av-52nd St,7,,,,,,,,,,,40.743933,-73.913003
Bliss St-46th St,7,,,,,,,,,,,40.743064,-73.918601
Lowery St-40th St,7,,,,,,,,,,,40.74371,-73.924161
Rawson St-33rd St,7,,,,,,,,,,,40.744568,-73.93157
Queensboro Plaza,N,Q,7,,,,,,,,,40.750835,-73.939671
45 Rd-Court House Sq,E,G,M,7,,,,,,,,40.746308,-73.945713
Hunters Point,7,,,,,,,,,,,40.7425,-73.948609
Vernon Blvd-Jackson Av,7,,,,,,,,,,,40.742759,-73.953893
5th Av,B,D,F,M,7,,,,,,,40.753409,-73.98113
South Ferry,R,1,,,,,,,,,,40.702033,-74.013149
Lexington Av,N,Q,R,4,5,6,,,,,,40.762092,-73.96634
Times Square-42nd St,A,C,E,N,Q,R,S,1,2,3,7,40.754172,-73.98668
Canal St (UL),J,N,Q,R,Z,6,,,,,,40.719585,-74.00193
Court St,R,2,3,4,5,,,,,,,40.694416,-73.992619
Atlantic Av,B,Q,D,N,R,2,3,4,5,,,40.685222,-73.977628
62nd St,D,N,,,,,,,,,,40.627299,-73.996465
Chambers St,J,Z,4,5,6,,,,,,,40.712699,-74.004099
Broad St,J,Z,,,,,,,,,,40.706142,-74.011128
6th Av,F,L,M,1,2,3,,,,,,40.737197,-73.996704
Lorimer St,G,L,,,,,,,,,,40.713908,-73.949262
Myrtle Av,L,M,,,,,,,,,,40.699814,-73.911295
Franklin Av,A,C,FS,,,,,,,,,40.681256,-73.95559
168th St,A,C,1,,,,,,,,,40.840859,-73.940209
96th St,1,2,3,,,,,,,,,40.794329,-73.972042
59th St-Columbus Circle,A,B,C,D,1,,,,,,,40.768777,-73.982106
28th St,1,,,,,,,,,,,40.747264,-73.993611
Yankee Stadium-161st St,B ,D,4,,,,,,,,,40.827685,-73.925842
Grand Central-42nd St,GS,4,5,6,7,,,,,,,40.751741,-73.977691
Broadway-74th St,E,F,M,R,7,,,,,,,40.747025,-73.891413
Times Square,A,C,E,N,Q,R,GS,1,2,3,7,40.756476,-73.986311
Grand Central,GS,4,5,6,7,,,,,,,40.75283,-73.978917
Baychester Av,5,,,,,,,,,,,40.87933,-73.837858
Gun Hill Rd,5,,,,,,,,,,,40.870039,-73.845724
Aqueduct Racetrack,A,,,,,,,,,,,40.672208,-73.834589
Eastchester-Dyre Av,5,,,,,,,,,,,40.88798,-73.831195
Pelham Parkway,5,,,,,,,,,,,40.858804,-73.855515
Morris Park,5,,,,,,,,,,,40.854544,-73.860248
